{
  "imix":
  {
    "lr": 0.000583,
    "au_weight": 0.001122,
    "mix_w": 0.022242
  }
}