{
  "original": {
    "lr": 0.000184,
    "au_weight":  0.007413,
    "mix_w": 0
  },
  "imix":
  {
    "lr": 0.000961,
    "au_weight": 0.002138,
    "mix_w": 0.078564
  }
}