{
  "ACT":  {
    "supcnn": {
      "lr": 0.00005,
      "auw": 0.003,
      "bsz": 16,
      "epochs": 35,
      "mix_w": 0
    },
    "onlycnn": {
      "lr": 0.00001,
      "auw": 0.001,
      "bsz": 4,
      "epochs": 40,
      "mix_w": 0
    },
    "onlysup": {
      "lr": 0.00001,
      "auw": 0.001,
      "bsz": 4,
      "epochs": 35,
      "mix_w": 0
    },
    "original": {
      "lr": 0.000007,
      "auw":  0.001,
      "mix_w": 0
    },
    "imix": {
      "lr": 0.000068,
      "auw": 0.001092,
      "mix_w": 0.045271
    },
    "rdrop": {
      "lr": 0.000034,
      "auw": 0.006063,
      "mix_w": 0
    },
    "cnn": {
      "lr": 0.000018,
      "auw": 0.002297,
      "mix_w": 0.017347
    }
  },
  "ACL": {
    "original": {
      "lr": 0.000036,
      "auw":  0.003202,
      "mix_w": 0
    },
    "imix": {
      "lr": 0.000019,
      "auw": 0.008306,
      "mix_w": 0.069573
    }
  }
}