{
  "imix":
  {
    "lr": 0.000495,
    "au_weight": 0.002128,
    "mix_w": 0.043423
  }
}