{
  "imix":
  {
    "lr": 0.000745,
    "au_weight": 0.007413,
    "mix_w": 0.059128
  }
}